Workbook

Sheet Units
B2: Units used in this model | F2: Derived Units and Unit Multiples
B4: Currency | C4: Euro
B5: Currency unit | C5: Millions of Euros | D5: MEUR | F5: 1 | G5: MEUR/PJ | H5: = | I5: 1 | J5: kEUR/TJ | K5: = | L5: 1 | M5: EUR/GJ
F6: 1 | G6: MEUR/GW | H6: = | I6: 1 | J6: kEUR/MW | K6: = | L6: 1 | M6: EUR/kW
B8: Energy | C8: Jouls
B9: Energy Unit | C9: PJ | F9: 1 | G9: PJ | H9: = | I9: 1000 | J9: TJ | K9: = | L9: 1000000 | M9: GJ
B11: Power | C11: Watts
B12: Power Unit | C12: GW | F12: 1 | G12: GW | H12: = | I12: 1000 | J12: MW | K12: = | L12: 1000000 | M12: kW
B14: CO2 Emission | C14: kg | F14: 1000 | G14: kg | H14: = | I14: 1 | J14: t (tonne)
B15: CO2 Emission Unit | C15: kt | F15: 1 | G15: kt/PJ | H15: = | I15: 1 | J15: t/TJ | K15: = | L15: 1 | M15: kg/GJ
B17: The production/consumption of energy carriers and emission quantities always refer to one year (per annum, eg. PJ/a).

Sheet Introduction
B2: ELAND 01

Sheet RES View

Sheet FI_Comm
C2: Define Commodities
C5: ~FI_Comm
C6: CSets | D6: Region | E6: CommName | F6: CommDesc | G6: Unit | H6: LimType | I6: CTSLvl | J6: PeakTS | K6: Ctype
C7: \I: Commodity Set | D7: Region Name | E7: Commodity Name | F7: Commodity Description | G7: Unit | H7: Sense of Balance Equation | I7: TimeSlice Level | J7: Peak Monitoring | K7: Electricity Indicator
C8: NRG | E8: FUEL_OIL | F8: Fuel Oil | G8: PJ | I8: SEASON
C9: NRG | E9: NAT_GAS | F9: Natural Gas | G9: PJ | I9: SEASON
C10: NRG | E10: WIND_ON | F10: Wind Onshore | G10: PJ | I10: SEASON
C11: NRG | E11: ELC_HV | F11: High Voltage Electricity | G11: PJ | I11: DAYNITE | K11: ELC
C12: NRG | E12: ELC_LV | F12: Low Voltage | G12: PJ | I12: DAYNITE
C13: DEM | E13: ELC_FIN | F13: Final demand | G13: PJ | I13: DAYNITE
C17: Available CSets
C18: CSet | D18: Description
C19: NRG | D19: Energy Carrier
C20: ENV | D20: Environmental
C21: DEM | D21: Demand Commodity
C22: MAT | D22: Material
C23: FIN | D23: Financial

Sheet FI_Process
C2: Define Processes
C5: ~FI_Process
C6: Sets | D6: Region | E6: TechName | F6: TechDesc | G6: Tact | H6: Tcap | I6: Tslvl | J6: PrimaryCG | K6: Vintage
C7: \I: Process Set | D7: Region Name | E7: Technology Name | F7: Technology Description | G7: Activity Unit | H7: Capacity Unit | I7: TimeSlice Level | J7: Primary Commodity Group | K7: Vintage Tracking
C8: \I: Fuel supply
C9: IMP | E9: IMP_OIL | F9: Import of Fuel Oil | G9: PJ | H9: PJ/a | I9: SEASON
C10: MIN | E10: MIN_NAT_GAS | F10: Supply Natural Gas | G10: PJ | H10: PJ/a | I10: SEASON
C11: MIN | E11: MIN_WIND_ON | F11: Supply Wind Onshore | G11: PJ | H11: PJ/a | I11: SEASON
C12: \I: Power Plants
C13: ELE | E13: EX_PP_OIL | F13: Power Plant - Fuel Oil | G13: PJ | H13: GW | I13: DAYNITE
C14: ELE | E14: EX_PP_NAT_GAS | F14: Power Plant - Natural Gas | G14: PJ | H14: GW | I14: DAYNITE
C15: ELE | E15: EX_PP_WIND | F15: Power Plant - Wind Tuebine | G15: PJ | H15: GW | I15: DAYNITE
C16: \I:
C17: PRE | E17: EX_ELC_GRID | F17: Existing Grid | G17: PJ | H17: GW | I17: DAYNITE
C18: \I: | D18: Demand process
C19: DMD | E19: DMD_FIN_ELC | F19: Final electricity demand | G19: PJ | H19: PJ/a | I19: DAYNITE
C23: Available Sets
C24: Set | D24: Description
C25: ELE | D25: Electric Power Plant
C26: MIN | D26: Mining Process
C27: IMP | D27: Import
C28: DMD | D28: Demand Device
C29: PRE | D29: Genric Process/Technology
C30: STG | D30: Storage
C31: EXP | D31: Export
C32: CHP | D32: Combined Heat and Power
C33: HPL | D33: Heating Plant

Sheet Supply
C2: Supply
E5: ~FI_T
C6: TechName | D6: \I: TechDesc | E6: Comm-OUT | F6: ACT_BND | G6: COST
C7: \I: Technology Name | D7: Technology Description | E7: Commodity Output | F7: Annual activity bound (upper by default) | G7: Extraction cost
C8: \I: Units | F8: PJ/a | G8: EUR/GJ
C9: =FI_Process!E9 -> IMP_OIL | D9: =FI_Process!F9 -> Import of Fuel Oil | E9: =FI_Comm!E8 -> FUEL_OIL | G9: 30
C10: =FI_Process!E10 -> MIN_NAT_GAS | D10: =FI_Process!F10 -> Supply Natural Gas | E10: =FI_Comm!E9 -> NAT_GAS | G10: 20
C11: =FI_Process!E11 -> MIN_WIND_ON | D11: =FI_Process!F11 -> Supply Wind Onshore | E11: =FI_Comm!E10 -> WIND_ON | G11: 0.001

Sheet Power Plants
C2: Power Plants
F5: ~FI_T
C6: TechName | D6: \I: TechDesc | E6: Comm-IN | F6: Comm-OUT | G6: STOCK | H6: CAP2ACT | I6: EFF | J6: AFA | K6: VAROM | L6: FIXOM | O6: Back of the envelope calculations
C7: \I: Technology Name | D7: Technology Description | E7: Input Commodity | F7: Commodity Output | G7: Installed Capacity | H7: Capacity to Activity Unit Conversion | I7: Process Efficiency | J7: Annual Availability Factor | K7: Variable Costs | L7: Fixed Costs | O7: Maximum electricity production | P7: Maximum fuel consumption
C8: \I: Units | G8: GW | H8: PJ/y/GW | I8: %/100 | J8: %/100 | K8: EUR/GJ | L8: EUR/kW | O8: PJ/y | P8: PJ/y
C9: =FI_Process!E13 -> EX_PP_OIL | D9: =FI_Process!F13 -> Power Plant - Fuel Oil | E9: =FI_Comm!E8 -> FUEL_OIL | F9: =FI_Comm!E11 -> ELC_HV | G9: 4 | H9: 31.536 | I9: 0.4 | J9: 0.8 | K9: 1 | L9: 1 | O9: =G9*H9*J9 -> 100.9152 | P9: =O9/I9 -> 252.288
C10: =FI_Process!E14 -> EX_PP_NAT_GAS | D10: =FI_Process!F14 -> Power Plant - Natural Gas | E10: =FI_Comm!E9 -> NAT_GAS | F10: =FI_Comm!E11 -> ELC_HV | G10: 2 | H10: 31.536 | I10: 0.6 | J10: 0.5 | K10: 1 | L10: 1 | O10: =G10*H10*J10 -> 31.536 | P10: =O10/I10 -> 52.56
C11: =FI_Process!E15 -> EX_PP_WIND | D11: =FI_Process!F15 -> Power Plant - Wind Tuebine | E11: =FI_Comm!E10 -> WIND_ON | F11: =FI_Comm!E11 -> ELC_HV | G11: 1 | H11: 31.536 | I11: 1 | J11: 0.33 | L11: 1
O12: =SUM(O9:O10) -> 132.4512
C17: Why CAP2ACT = 31.536?
C18: 1 GW of power operating year-round would produce
C20: of energy.
C21: Thus, 8760 GWh of energy can be produced in 1 year from 1 GW
C22: which, after conversion, gives

Sheet GRID
E2: ~FI_T
B3: TechName | C3: \I: TechDesc | D3: Comm-IN | E3: Comm-OUT | F3: STOCK | G3: CAP2ACT | H3: EFF | I3: AFA | J3: VAROM | K3: FIXOM
B4: \I: Technology Name | C4: Technology Description | D4: Input Commodity | E4: Commodity Output | F4: Installed Capacity | G4: Capacity to Activity Unit Conversion | H4: Process Efficiency | I4: Annual Availability Factor | J4: Variable Costs | K4: Fixed Costs
B5: \I: Units | F5: GW | G5: PJ/y/GW | H5: %/100 | I5: %/100 | J5: EUR/GJ | K5: EUR/kW
B6: =FI_Process!E17 -> EX_ELC_GRID | C6: =FI_Process!F17 -> Existing Grid | D6: =FI_Comm!E11 -> ELC_HV | E6: =FI_Comm!E12 -> ELC_LV | G6: 1 | H6: 0.88

Sheet Demand
C2: Demand
C5: ~FI_T
C6: CommName | D6: Attribute | E6: 2025
C7: \I: Demand Commodity Name | D7: Attribute | E7: Demand Value
C8: \I: Units | E8: PJ/y
C9: =FI_Comm!E13 -> ELC_FIN | D9: COM_PROJ | E9: =100/GRID!H6 -> 113.63636
F13: ~FI_T
C14: TechName | D14: \I: TechDesc | E14: Comm-IN | F14: Comm-OUT | G14: STOCK | H14: CAP2ACT | I14: EFF | J14: AFA | K14: VAROM | L14: FIXOM
C15: \I: Technology Name | D15: Technology Description | E15: Input Commodity | F15: Commodity Output | G15: Installed Capacity | H15: Capacity to Activity Unit Conversion | I15: Process Efficiency | J15: Annual Availability Factor | K15: Variable Costs | L15: Fixed Costs
C16: \I: Units | G16: GW | H16: PJ/y/GW | I16: %/100 | J16: %/100 | K16: EUR/GJ | L16: EUR/kW
C17: =FI_Process!E19 -> DMD_FIN_ELC | D17: =FI_Process!F19 -> Final electricity demand | E17: =FI_Comm!E12 -> ELC_LV | F17: =FI_Comm!E13 -> ELC_FIN | H17: 1 | I17: 1
